{"cameraMode":{"drawMode":2,"name":"Shaded Wireframe","section":"Shading Mode"},"sceneLighting":true,"audioPlay":false,"sceneViewState":{"m_AlwaysRefresh":false,"showFog":true,"showSkybox":true,"showFlares":true,"showImageEffects":true,"showParticleSystems":true,"showVisualEffectGraphs":true,"m_FxEnabled":true},"in2DMode":false,"pivot":{"x":-6.473728656768799,"y":-1.597524642944336,"z":-4.0101494789123539},"rotation":{"x":0.06890445202589035,"y":0.034411195665597919,"z":-0.0023783650249242784,"w":0.9970285296440125},"size":1.8370600938796998,"orthographic":false}